CODE,NAME,SECT.,STOCK NO.,CAPT.
20,동화약품,의약품 제조업,"27,931,470","27,931,470,000"
40,KR모터스,그외 기타 운송장비 제조업,"91,661,018","45,830,509,000"
50,경방,종합 소매업,"27,415,270","13,707,635,000"
80,하이트진로,알코올음료 제조업,"70,133,611","368,818,745,000"
100,유한양행,의약품 제조업,"66,856,810","68,037,750,000"
120,CJ대한통운,도로 화물 운송업,"22,812,344","114,061,720,000"
150,두산,회사 본부 및 경영 컨설팅 서비스업,"16,523,835","123,738,105,000"
180,성창기업지주,회사 본부 및 경영 컨설팅 서비스업,"69,751,600","36,000,000,000"
210,대림산업,토목 건설업,"34,800,000","218,500,000,000"
220,유유제약,의약품 제조업,"6,753,200","8,427,585,000"
230,일동홀딩스,의약품 제조업,"11,540,400","11,540,400,000"
270,기아자동차,자동차용 엔진 및 자동차 제조업,"405,363,347","2,139,316,735,000"
300,대유플러스,통신 및 방송 장비 제조업,"114,588,434","57,294,217,000"
390,삼화페인트공업,기타 화학제품 제조업,"26,438,751","13,219,375,500"
430,대원강업,자동차 신품 부품 제조업,"62,000,000","31,000,000,000"
480,조선내화,"내화, 비내화 요업제품 제조업","4,000,000","20,000,000,000"
490,대동공업,특수 목적용 기계 제조업,"23,728,210","23,728,210,000"
500,가온전선,절연선 및 케이블 제조업,"4,160,347","20,801,735,000"
520,삼일제약,의약품 제조업,"6,500,000","6,500,000,000"
650,천일고속,육상 여객 운송업,"1,429,220","7,146,100,000"
660,SK하이닉스,반도체 제조업,"728,002,365","3,657,652,050,000"
670,영풍,1차 비철금속 제조업,"1,842,040","9,210,200,000"
680,LS네트웍스,상품 종합 도매업,"78,803,016","394,015,080,000"
700,유수홀딩스,회사 본부 및 경영 컨설팅 서비스업,"26,041,812","65,104,530,000"
720,현대건설,토목 건설업,"111,355,765","557,273,105,000"
760,이화산업,기타 전문 도매업,"2,800,000","14,000,000,000"
850,화천기공,특수 목적용 기계 제조업,"2,200,000","11,000,000,000"
860,강남제비스코,기타 화학제품 제조업,"6,500,000","6,500,000,000"
880,한화,기타 화학제품 제조업,"74,958,735","489,550,145,000"
890,보해양조,알코올음료 제조업,"127,449,373","63,724,686,500"
910,유니온,"시멘트, 석회, 플라스터 및 그 제품 제조업","15,611,619","7,805,809,500"
950,전방,방적 및 가공사 제조업,"1,680,000","8,400,000,000"
970,한국주철관공업,1차 철강 제조업,"22,800,500","12,000,000,000"
990,DB하이텍,반도체 제조업,"44,398,588","222,554,520,000"
1020,페이퍼코리아,"펄프, 종이 및 판지 제조업","35,166,280","17,583,140,000"
1060,JW중외제약,의약품 제조업,"20,920,054","52,956,972,500"
1070,대한방직,직물직조 및 직물제품 제조업,"5,300,000","5,300,000,000"
1080,만호제강,1차 철강 제조업,"4,150,000","4,150,000,000"
1120,LG상사,상품 중개업,"38,760,000","193,800,000,000"
1130,대한제분,"곡물가공품, 전분 및 전분제품 제조업","1,690,000","8,450,000,000"
1140,국보,도로 화물 운송업,"44,596,337","22,298,168,500"
1200,유진증권,금융 지원 서비스업,"96,866,418","537,592,090,000"
1210,금호전기,전구 및 조명장치 제조업,"11,981,820","5,990,910,000"
1230,동국제강,1차 철강 제조업,"95,432,737","589,228,035,000"
1250,GS글로벌,상품 종합 도매업,"82,533,764","206,334,410,000"
1260,남광토건,토목 건설업,"9,828,611","49,143,055,000"
1270,부국증권,금융 지원 서비스업,"10,369,886","66,849,430,000"
1290,상상인증권,금융 지원 서비스업,"96,108,437","97,411,913,000"
1340,백광산업,기초 화학물질 제조업,"44,918,407","22,459,203,500"
1360,삼성제약,의약품 제조업,"61,549,713","30,774,856,500"
1380,SG충방,자동차 신품 부품 제조업,"44,964,143","22,482,071,500"
1390,KG케미칼,기초 화학물질 제조업,"13,013,232","67,374,405,000"
1420,태원물산,자동차 신품 부품 제조업,"7,600,000","3,800,000,000"
1430,세아베스틸,1차 철강 제조업,"35,862,119","219,310,595,000"
1440,대한전선,절연선 및 케이블 제조업,"856,473,009","428,236,504,500"
1460,BYC,봉제의복 제조업,"624,615","4,200,000,000"
1470,삼부토건,토목 건설업,"137,546,368","137,546,368,000"
1500,현대차증권,금융 지원 서비스업,"29,337,111","146,685,555,000"
1510,SK증권,금융 지원 서비스업,"472,590,171","238,251,342,500"
1520,동양,"시멘트, 석회, 플라스터 및 그 제품 제조업","238,684,063","119,850,042,500"
1530,디아이동일,상품 중개업,"2,465,609","12,328,045,000"
1550,조비,"비료, 농약 및 살균, 살충제 제조업","5,192,239","25,961,195,000"
1560,제일연마,기타 비금속 광물제품 제조업,"10,000,000","5,000,000,000"
1570,금양,기초 화학물질 제조업,"44,048,135","22,024,067,500"
1620,케이비아이동국실업,자동차 신품 부품 제조업,"66,042,072","33,021,036,000"
1630,종근당홀딩스,의약품 제조업,"5,009,861","12,524,652,500"
1680,대상,기타 식품 제조업,"34,648,025","36,018,248,000"
1720,신영증권,금융 지원 서비스업,"9,386,237","82,200,000,000"
1740,SK네트웍스,기타 전문 도매업,"248,187,647","620,753,237,500"
1750,한양증권,금융 지원 서비스업,"12,728,534","66,267,670,000"
1770,신화실업,1차 철강 제조업,"1,214,878","6,074,390,000"
1780,알루코,1차 비철금속 제조업,"74,714,941","37,357,470,500"
1790,대한제당,"곡물가공품, 전분 및 전분제품 제조업","8,969,658","24,044,835,000"
1820,삼화콘덴서공업,전자부품 제조업,"10,395,000","10,395,000,000"
1880,대림건설,건물 건설업,"22,053,284","110,266,420,000"
1940,KISCO홀딩스,1차 철강 제조업,"18,476,380","18,476,380,000"
2030,아세아,회사 본부 및 경영 컨설팅 서비스업,"2,191,024","10,955,120,000"
2070,비비안,봉제의복 제조업,"68,679,450","6,867,945,000"
2100,경농,"비료, 농약 및 살균, 살충제 제조업","21,691,750","10,845,875,000"
2140,고려산업,"곡물가공품, 전분 및 전분제품 제조업","24,939,425","24,939,425,000"
2150,도화엔지니어링,"건축기술, 엔지니어링 및 관련 기술 서비스업","33,720,000","16,860,000,000"
2170,삼양통상,"가죽, 가방 및 유사제품 제조업","3,000,000","15,000,000,000"
2200,한국수출포장공업,"골판지, 종이 상자 및 종이용기 제조업","4,000,000","20,000,000,000"
2210,동성제약,의약품 제조업,"26,100,970","26,100,970,000"
2220,한일철강,1차 철강 제조업,"22,841,537","11,420,768,500"
2240,고려제강,1차 철강 제조업,"20,000,000","20,000,000,000"
2270,롯데푸드,낙농제품 및 식용빙과류 제조업,"1,131,870","5,659,350,000"
2310,아세아제지,"골판지, 종이 상자 및 종이용기 제조업","8,956,502","44,782,510,000"
2320,한진,도로 화물 운송업,"11,974,656","59,873,280,000"
2350,넥센타이어,고무제품 제조업,"97,667,877","54,083,938,500"
2360,SH에너지화학,기초 화학물질 제조업,"111,133,730","55,566,865,000"
2380,케이씨씨,기타 화학제품 제조업,"8,886,471","48,084,660,000"
2390,한독,의약품 제조업,"13,763,533","6,881,766,500"
2410,범양건영,건물 건설업,"24,831,982","24,831,982,000"
2420,세기상사,"영화, 비디오물, 방송프로그램 제작 및 배급업","407,592","2,037,960,000"
2450,삼익악기,악기 제조업,"90,530,915","45,265,457,500"
2460,화성산업,건물 건설업,"12,450,800","62,254,000,000"
2600,조흥,기타 식품 제조업,"600,000","3,000,000,000"
2620,제일파마홀딩스,회사 본부 및 경영 컨설팅 서비스업,"15,973,355","7,986,677,500"
2630,오리엔트바이오,의약품 제조업,"101,798,996","50,899,498,000"
2690,동일제강,1차 철강 제조업,"15,000,000","7,500,000,000"
2700,신일전자,기계장비 및 관련 물품 도매업,"71,047,521","35,523,760,500"
2710,TCC스틸,1차 철강 제조업,"23,000,000","23,000,000,000"
2720,국제약품,의약품 제조업,"18,400,520","18,400,520,000"
2760,보락,기타 화학제품 제조업,"59,900,000","11,980,000,000"
2780,진흥기업,토목 건설업,"145,471,745","73,311,885,500"
2790,아모레퍼시픽그룹,기타 화학제품 제조업,"82,458,180","47,997,075,000"
2810,삼영무역,기타 전문 도매업,"18,466,948","9,233,474,000"
2820,선창산업,나무제품 제조업,"12,607,989","12,607,989,000"
2840,미원상사,기타 화학제품 제조업,"4,970,000","6,661,780,000"
2870,신풍제지,"펄프, 종이 및 판지 제조업","34,958,700","17,479,350,000"
2880,대유에이텍,자동차 신품 부품 제조업,"106,915,987","53,457,993,500"
2900,동양물산기업,특수 목적용 기계 제조업,"126,004,610","63,002,305,000"
2920,유성기업,자동차 신품 부품 제조업,"25,947,500","12,973,750,000"
2960,한국쉘석유,석유 정제품 제조업,"1,300,000","7,000,000,000"
2990,금호산업,건물 건설업,"36,633,924","184,630,950,000"
3000,부광약품,의약품 제조업,"64,837,978","33,289,457,500"
3010,혜인,기계장비 및 관련 물품 도매업,"12,712,747","6,356,373,500"
3060,에이프로젠제약,의약품 제조업,"398,575,766","199,287,883,000"
3070,코오롱글로벌,토목 건설업,"25,210,438","127,616,205,000"
3080,성보화학,"비료, 농약 및 살균, 살충제 제조업","20,020,000","10,010,000,000"
3120,일성신약,의약품 제조업,"2,660,000","13,300,000,000"
3160,디아이,"측정, 시험, 항해, 제어 및 기타 정밀기기 제조업; 광학기기 제외","31,496,785","17,248,392,500"
3200,일신방직,방적 및 가공사 제조업,"2,400,000","12,000,000,000"
3220,대원제약,의약품 제조업,"20,243,603","10,121,801,500"
3230,삼양식품,기타 식품 제조업,"7,533,015","37,665,075,000"
3240,태광산업,화학섬유 제조업,"1,113,400","5,567,000,000"
3280,흥아해운,해상 운송업,"116,732,559","58,366,279,500"
3300,한일홀딩스,"시멘트, 석회, 플라스터 및 그 제품 제조업","5,994,356","31,342,450,000"
3350,한국화장품제조,기타 화학제품 제조업,"4,532,000","2,266,000,000"
3410,쌍용양회공업,"시멘트, 석회, 플라스터 및 그 제품 제조업","503,859,595","505,403,280,000"
3460,유화증권,금융 지원 서비스업,"56,702,415","74,178,840,000"
3470,유안타증권,금융 지원 서비스업,"199,596,576","1,062,543,940,000"
3480,한진중공업홀딩스,연료용 가스 제조 및 배관공급업,"29,529,812","155,149,060,000"
3490,대한항공,항공 여객 운송업,"174,209,713","876,602,535,000"
3520,영진약품,의약품 제조업,"182,892,731","91,446,365,500"
3530,한화투자증권,금융 지원 서비스업,"214,547,775","1,096,738,875,000"
3540,대신증권,금융 지원 서비스업,"50,773,400","434,867,000,000"
3560,아이에이치큐,"영화, 비디오물, 방송프로그램 제작 및 배급업","146,235,748","73,117,874,000"
3570,S&T중공업,자동차 신품 부품 제조업,"33,252,697","85,631,742,500"
3580,넥스트사이언스,기타 비금속광물 광업,"32,012,942","16,006,471,000"
3610,방림,직물직조 및 직물제품 제조업,"42,314,090","21,157,045,000"
3620,쌍용자동차,자동차용 엔진 및 자동차 제조업,"149,840,002","749,200,010,000"
3650,미창석유공업,석유 정제품 제조업,"1,739,672","8,698,360,000"
3670,포스코케미칼,"내화, 비내화 요업제품 제조업","60,988,220","30,494,110,000"
3680,한성기업,수산물 가공 및 저장 처리업,"6,209,515","31,047,575,000"
3690,코리안리,재 보험업,"120,369,116","60,184,558,000"
3720,삼영화학공업,플라스틱제품 제조업,"34,000,000","17,000,000,000"
3780,진양산업,플라스틱제품 제조업,"13,000,000","6,500,000,000"
3830,대한화섬,화학섬유 제조업,"1,328,000","6,640,000,000"
3850,보령제약,의약품 제조업,"47,620,000","23,810,000,000"
3920,남양유업,낙농제품 및 식용빙과류 제조업,"720,000","4,433,310,000"
3960,사조대림,수산물 가공 및 저장 처리업,"9,164,467","45,822,335,000"
4000,롯데정밀화학,기초 화학물질 제조업,"25,800,000","129,000,000,000"
4020,현대제철,1차 철강 제조업,"133,445,785","667,228,925,000"
4060,SG세계물산,상품 종합 도매업,"202,424,960","101,212,480,000"
4080,신흥,기계장비 및 관련 물품 도매업,"9,600,000","6,733,070,000"
4090,한국석유공업,기타 비금속 광물제품 제조업,"655,200","3,276,000,000"
4100,태양금속공업,자동차 신품 부품 제조업,"36,700,000","20,000,000,000"
4140,동방,기타 운송관련 서비스업,"34,636,700","34,636,700,000"
4170,신세계,종합 소매업,"9,845,181","49,225,905,000"
4250,엔피씨,플라스틱제품 제조업,"36,720,000","21,000,000,000"
4270,남성,기타 전문 도매업,"36,212,160","18,106,080,000"
4310,현대약품,의약품 제조업,"32,000,000","16,000,000,000"
4360,세방,도로 화물 운송업,"19,308,690","11,498,970,000"
4370,농심,기타 식품 제조업,"6,082,642","30,413,210,000"
4380,삼익THK,일반 목적용 기계 제조업,"21,000,000","10,500,000,000"
4410,서울식품공업,기타 식품 제조업,"337,410,000","33,963,450,000"
4430,송원산업,기타 화학제품 제조업,"24,000,000","12,000,000,000"
4440,대림씨엔에스,"시멘트, 석회, 플라스터 및 그 제품 제조업","12,731,947","12,731,947,000"
4450,삼화왕관,기타 금속 가공제품 제조업,"2,154,379","10,771,895,000"
4490,세방전지,일차전지 및 축전지 제조업,"14,000,000","7,000,000,000"
4540,깨끗한나라,"펄프, 종이 및 판지 제조업","37,240,693","37,606,853,000"
4560,현대비앤지스틸,1차 철강 제조업,"15,078,811","75,943,315,000"
4690,삼천리,연료용 가스 제조 및 배관공급업,"4,055,025","20,275,125,000"
4700,조광피혁,"가죽, 가방 및 유사제품 제조업","6,649,138","34,245,690,000"
4710,한솔테크닉스,전자부품 제조업,"32,109,878","160,549,390,000"
4720,우리들제약,의약품 제조업,"13,706,224","6,853,112,000"
4770,써니전자,반도체 제조업,"34,845,011","18,372,505,500"
4830,덕성,플라스틱제품 제조업,"15,680,000","8,536,000,000"
4870,티웨이홀딩스,"시멘트, 석회, 플라스터 및 그 제품 제조업","76,680,855","38,340,427,500"
4890,동일산업,1차 철강 제조업,"2,425,215","12,126,075,000"
4910,조광페인트,기타 화학제품 제조업,"12,800,000","6,400,000,000"
4920,씨아이테크,그외 기타 제품 제조업,"24,070,772","12,035,386,000"
4960,한신공영,건물 건설업,"11,570,702","57,853,510,000"
4970,신라교역,어로 어업,"16,000,000","8,000,000,000"
4980,성신양회,"시멘트, 석회, 플라스터 및 그 제품 제조업","24,516,073","128,508,590,000"
5010,휴스틸,1차 철강 제조업,"7,621,668","38,108,340,000"
5030,부산주공,자동차 신품 부품 제조업,"42,397,604","21,198,802,000"
5070,코스모신소재,기타 화학제품 제조업,"29,247,965","29,247,965,000"
5090,삼광글라스,유리 및 유리제품 제조업,"4,854,418","24,272,090,000"
5110,한창,기계장비 및 관련 물품 도매업,"34,790,269","17,395,134,500"
5180,빙그레,낙농제품 및 식용빙과류 제조업,"9,851,241","49,756,205,000"
5190,동성화학,기초 화학물질 제조업,"5,335,564","5,531,244,000"
5250,녹십자홀딩스,회사 본부 및 경영 컨설팅 서비스업,"47,028,210","25,744,900,000"
5300,롯데칠성음료,비알코올음료 및 얼음 제조업,"7,993,460","4,384,385,000"
5320,국동,생활용품 도매업,"38,026,114","19,013,057,000"
5360,모나미,생활용품 도매업,"18,897,307","18,897,307,000"
5380,현대자동차,자동차용 엔진 및 자동차 제조업,"213,668,187","1,488,993,125,000"
5390,신성통상,기타 전문 도매업,"143,708,390","71,854,195,000"
5420,코스모화학,기타 화학제품 제조업,"26,110,825","26,110,825,000"
5430,한국공항,기타 운송관련 서비스업,"3,166,355","15,831,775,000"
5440,현대그린푸드,종합 소매업,"97,704,482","48,852,241,000"
5490,포스코,1차 철강 제조업,"87,186,835","482,403,125,000"
5500,삼진제약,의약품 제조업,"13,900,000","13,900,000,000"
5610,SPC삼립,기타 식품 제조업,"8,629,009","43,145,045,000"
5680,삼영전자공업,전자부품 제조업,"20,000,000","10,000,000,000"
5690,파미셀,기초 의약물질 및 생물학적 제제 제조업,"59,958,950","29,979,475,000"
5720,넥센,고무제품 제조업,"53,543,977","28,572,288,500"
5750,대림비앤코,"내화, 비내화 요업제품 제조업","16,672,240","16,672,240,000"
5800,신영와코루,봉제의복 제조업,"900,000","4,500,000,000"
5820,원림,직물직조 및 직물제품 제조업,"2,200,000","11,000,000,000"
5850,에스엘,자동차 신품 부품 제조업,"48,203,277","24,101,638,500"
5870,휴니드테크놀러지스,통신 및 방송 장비 제조업,"14,116,015","70,580,075,000"
5880,대한해운,해상 운송업,"24,427,109","122,135,545,000"
5930,삼성전자,통신 및 방송 장비 제조업,"5,969,782,550","897,513,820,000"
5940,NH투자증권,금융 지원 서비스업,"281,408,887","1,531,275,030,000"
5950,이수화학,기초 화학물질 제조업,"15,278,000","76,390,000,000"
5960,동부건설,토목 건설업,"22,701,669","114,637,005,000"
6040,동원산업,어로 어업,"3,677,641","18,388,205,000"
6060,화승인더스트리,플라스틱제품 제조업,"55,320,000","27,660,000,000"
6090,사조오양,수산물 가공 및 저장 처리업,"9,422,739","47,113,695,000"
6110,삼아알미늄,1차 비철금속 제조업,"11,000,000","5,500,000,000"
6280,녹십자,의약품 제조업,"11,686,538","58,432,690,000"
6340,대원전선,절연선 및 케이블 제조업,"68,107,171","35,364,185,500"
6360,GS건설,건물 건설업,"80,097,804","400,489,020,000"
6370,대구백화점,종합 소매업,"10,821,611","54,108,055,000"
6380,카프로,기초 화학물질 제조업,"40,000,000","20,000,000,000"
6390,한일현대시멘트,"시멘트, 석회, 플라스터 및 그 제품 제조업","16,821,290","84,106,450,000"
6400,삼성SDI,일차전지 및 축전지 제조업,"68,764,530","356,712,130,000"
6490,인스코비,전기 통신업,"98,630,240","49,315,120,000"
6570,대림통상,기타 금속 가공제품 제조업,"15,225,000","16,425,000,000"
6650,대한유화,기초 화학물질 제조업,"6,500,000","41,000,000,000"
6660,삼성공조,자동차 신품 부품 제조업,"8,126,314","4,063,157,000"
6740,영풍제지,"골판지, 종이 상자 및 종이용기 제조업","22,200,000","11,100,000,000"
6800,미래에셋대우,금융 지원 서비스업,"645,316,408","4,101,960,790,000"
6880,신송홀딩스,산업용 농·축산물 및 동·식물 도매업,"11,828,858","5,914,429,000"
6890,태경케미컬,기초 화학물질 제조업,"11,600,000","5,800,000,000"
6980,우성사료,"곡물가공품, 전분 및 전분제품 제조업","30,900,000","15,450,000,000"
7070,GS리테일,종합 소매업,"77,000,000","77,000,000,000"
7110,일신석재,"건축자재, 철물 및 난방장치 도매업","77,456,610","38,728,305,000"
7120,미래아이앤지,"컴퓨터 프로그래밍, 시스템 통합 및 관리업","129,484,148","12,948,414,800"
7160,사조산업,어로 어업,"5,000,000","25,000,000,000"
7210,벽산,기타 비금속 광물제품 제조업,"68,560,000","34,280,000,000"
7280,한국특수형강,1차 철강 제조업,"32,353,490","16,176,745,000"
7310,오뚜기,기타 식품 제조업,"3,605,237","18,026,185,000"
7340,디티알오토모티브,일차전지 및 축전지 제조업,"9,994,005","4,997,002,500"
7460,에이프로젠 KIC,기타 금속 가공제품 제조업,"178,678,039","89,339,019,500"
7570,일양약품,의약품 제조업,"19,085,664","48,826,860,000"
7590,동방아그로,"비료, 농약 및 살균, 살충제 제조업","13,617,577","6,808,788,500"
7610,선도전기,"전동기, 발전기 및 전기 변환 · 공급 · 제어 장치 제조업","18,000,000","9,000,000,000"
7630,폴루스바이오팜,상품 중개업,"39,311,572","19,655,786,000"
7660,이수페타시스,전자부품 제조업,"41,268,398","41,268,398,000"
7690,국도화학,기초 화학물질 제조업,"5,810,616","29,053,080,000"
7700,F&F,봉제의복 제조업,"15,400,000","7,700,000,000"
7810,코리아써키트,전자부품 제조업,"23,620,751","13,684,570,000"
7980,태평양물산,봉제의복 제조업,"48,149,587","24,955,871,000"
8040,사조동아원,"곡물가공품, 전분 및 전분제품 제조업","141,144,600","70,572,300,000"
8060,대덕,전자부품 제조업,"28,590,047","14,901,202,000"
8110,대동전자,통신 및 방송 장비 제조업,"10,490,447","5,245,223,500"
8250,이건산업,나무제품 제조업,"10,952,635","54,763,175,000"
8260,NI스틸,1차 철강 제조업,"28,600,117","14,300,058,500"
8350,남선알미늄,1차 비철금속 제조업,"110,179,090","55,243,490,000"
8420,문배철강,1차 철강 제조업,"20,503,505","10,251,752,500"
8490,서흥,기타 화학제품 제조업,"11,569,113","6,084,556,500"
8500,일정실업,편조원단 제조업,"1,200,000","6,000,000,000"
8560,메리츠증권,금융 지원 서비스업,"675,961,727","675,961,727,000"
8600,윌비스,생활용품 도매업,"64,894,721","70,540,861,000"
8700,아남전자,영상 및 음향기기 제조업,"77,124,820","38,562,410,000"
8730,율촌화학,플라스틱제품 제조업,"24,800,000","14,776,380,000"
8770,호텔신라,기타 상품 전문 소매업,"39,248,121","200,000,000,000"
8870,금비,유리 및 유리제품 제조업,"1,000,000","5,000,000,000"
8970,동양철관,1차 철강 제조업,"118,885,290","59,442,645,000"
9070,케이씨티시,도로 화물 운송업,"30,000,000","15,000,000,000"
9140,경인전자,전자부품 제조업,"1,570,797","7,853,985,000"
9150,삼성전기,전자부품 제조업,"74,693,696","388,003,400,000"
9160,SIMPAC,특수 목적용 기계 제조업,"65,429,516","32,714,758,000"
9180,한솔로지스틱스,기타 운송관련 서비스업,"27,477,425","14,340,941,000"
9190,대양금속,1차 철강 제조업,"29,565,939","14,782,969,500"
9200,무림페이퍼,"펄프, 종이 및 판지 제조업","41,609,310","104,023,275,000"
9240,한샘,생활용품 도매업,"23,533,928","23,533,928,000"
9270,신원,봉제의복 제조업,"85,042,499","42,566,619,500"
9290,광동제약,의약품 제조업,"52,420,851","52,420,851,000"
9310,참엔지니어링,특수 목적용 기계 제조업,"55,361,480","28,105,738,500"
9320,대우부품,자동차 신품 부품 제조업,"47,646,375","23,823,187,500"
9410,태영건설,토목 건설업,"76,400,000","39,478,740,000"
9420,한올바이오파마,의약품 제조업,"52,240,638","26,120,319,000"
9450,경동나비엔,가정용 기기 제조업,"12,739,510","12,739,510,000"
9460,한창제지,"펄프, 종이 및 판지 제조업","59,667,486","29,833,743,000"
9470,삼화전기,전자부품 제조업,"6,613,820","6,613,820,000"
9540,한국조선해양,선박 및 보트 건조업,"70,773,116","353,865,580,000"
9580,무림P&P,"펄프, 종이 및 판지 제조업","62,368,324","155,920,810,000"
9680,모토닉,자동차 신품 부품 제조업,"33,000,000","16,500,000,000"
9770,삼정펄프,"펄프, 종이 및 판지 제조업","2,499,971","12,499,855,000"
9810,엔케이물산,기타 전문 도매업,"83,578,428","41,789,214,000"
9830,한화솔루션,기초 화학물질 제조업,"159,864,497","821,170,655,000"
10040,한국내화,"내화, 비내화 요업제품 제조업","22,863,632","11,431,816,000"
10060,OCI,기초 화학물질 제조업,"23,849,371","127,246,855,000"
10100,한국프랜지공업,자동차 신품 부품 제조업,"30,450,420","30,450,420,000"
10120,엘에스일렉트릭,"전동기, 발전기 및 전기 변환 · 공급 · 제어 장치 제조업","30,000,000","150,000,000,000"
10130,고려아연,1차 비철금속 제조업,"18,870,000","94,350,000,000"
10140,삼성중공업,선박 및 보트 건조업,"630,000,000","3,150,574,225,000"
10400,우진아이엔에스,건물설비 설치 공사업,"7,622,000","3,811,000,000"
10420,한솔피엔에스,기타 전문 도매업,"20,493,012","10,246,506,000"
10580,지코,자동차 신품 부품 제조업,"64,581,636","32,290,818,000"
10600,웰바이오텍,상품 중개업,"43,229,886","21,614,943,000"
10620,현대미포조선,선박 및 보트 건조업,"39,942,149","199,710,745,000"
10640,진양폴리우레탄,플라스틱제품 제조업,"10,000,000","5,000,000,000"
10660,화천기계,특수 목적용 기계 제조업,"22,000,000","11,000,000,000"
10690,화신,자동차 신품 부품 제조업,"34,920,410","17,460,205,000"
10770,평화홀딩스,자동차 신품 부품 제조업,"14,625,466","7,312,733,000"
10780,아이에스동서,"내화, 비내화 요업제품 제조업","30,892,606","15,446,303,000"
10820,퍼스텍,무기 및 총포탄 제조업,"48,061,460","24,030,730,000"
10950,S-Oil,석유 정제품 제조업,"112,582,792","291,511,797,500"
10960,삼호개발,기반조성 및 시설물 축조관련 전문공사업,"25,000,000","12,500,000,000"
11000,진원생명과학,의약품 제조업,"44,618,808","44,618,808,000"
11070,LG이노텍,전자부품 제조업,"23,667,107","118,335,535,000"
11090,에넥스,가구 제조업,"59,991,641","29,995,820,500"
11150,CJ씨푸드,기타 식품 제조업,"35,930,773","18,065,386,500"
11170,롯데케미칼,기초 화학물질 제조업,"34,275,419","171,377,095,000"
11200,HMM,해상 운송업,"326,726,323","1,633,631,615,000"
11210,현대위아,자동차 신품 부품 제조업,"27,195,083","135,975,415,000"
11230,삼화전자공업,영상 및 음향기기 제조업,"10,457,940","10,457,940,000"
11280,태림포장,"골판지, 종이 상자 및 종이용기 제조업","70,805,940","35,402,970,000"
11300,성안,직물직조 및 직물제품 제조업,"56,857,860","28,428,930,000"
11330,유니켐,"가죽, 가방 및 유사제품 제조업","68,710,343","34,355,171,500"
11390,부산산업,"시멘트, 석회, 플라스터 및 그 제품 제조업","1,056,000","5,280,000,000"
11420,갤럭시아에스엠,스포츠 서비스업,"27,549,644","13,774,822,000"
11500,한농화성,기타 화학제품 제조업,"15,637,042","7,818,521,000"
11690,유양디앤유,반도체 제조업,"58,494,201","29,247,100,500"
11700,한신기계공업,일반 목적용 기계 제조업,"32,446,151","16,223,075,500"
11760,현대종합상사,상품 종합 도매업,"13,228,966","66,144,830,000"
11780,금호석유화학,기초 화학물질 제조업,"30,467,691","167,455,885,000"
11790,SKC,기타 화학제품 제조업,"37,534,555","187,672,775,000"
11810,STX,상품 종합 도매업,"19,726,902","49,317,255,000"
11930,신성이엔지,반도체 제조업,"184,525,352","92,372,676,000"
12030,DB,"컴퓨터 프로그래밍, 시스템 통합 및 관리업","201,173,933","100,586,966,500"
12160,영흥,1차 철강 제조업,"85,826,509","42,913,254,500"
12170,키위미디어그룹,"영화, 비디오물, 방송프로그램 제작 및 배급업","197,284,650","98,642,325,000"
12200,계양전기,일반 목적용 기계 제조업,"32,600,000","17,000,000,000"
12280,영화금속,자동차 신품 부품 제조업,"45,451,006","23,597,333,000"
12330,현대모비스,자동차 신품 부품 제조업,"95,054,694","490,969,315,000"
12450,한화에어로스페이스,"항공기,우주선 및 부품 제조업","50,630,000","265,650,000,000"
12510,더존비즈온,"컴퓨터 프로그래밍, 시스템 통합 및 관리업","29,672,700","14,836,350,000"
12600,청호컴넷,일반 목적용 기계 제조업,"8,576,351","42,881,755,000"
12610,경인양행,기초 화학물질 제조업,"41,196,365","20,598,182,500"
12690,모나리자,기타 종이 및 판지 제품 제조업,"36,571,255","18,885,627,500"
12750,에스원,"경비, 경호 및 탐정업","37,999,178","18,999,589,000"
12800,대창,1차 비철금속 제조업,"91,140,499","45,570,249,500"
13000,세우글로벌,기타 전문 도매업,"28,705,031","14,352,515,500"
13360,일성건설,토목 건설업,"54,024,880","27,012,440,000"
13520,화승알앤에이,자동차 신품 부품 제조업,"64,561,210","32,280,605,000"
13580,계룡건설산업,토목 건설업,"8,930,907","44,654,535,000"
13700,까뮤이앤씨,건물 건설업,"45,152,280","22,576,140,000"
13870,지엠비코리아,자동차 신품 부품 제조업,"19,072,280","9,536,140,000"
13890,지누스,가구 제조업,"14,406,749","7,203,374,500"
14130,한익스프레스,도로 화물 운송업,"12,000,000","6,000,000,000"
14160,대영포장,"골판지, 종이 상자 및 종이용기 제조업","108,394,549","54,197,274,500"
14280,금강공업,1차 철강 제조업,"26,159,553","26,749,428,000"
14440,영보화학,플라스틱제품 제조업,"20,000,000","10,000,000,000"
14530,극동유화,석유 정제품 제조업,"34,869,420","17,434,710,000"
14580,태경비케이,"시멘트, 석회, 플라스터 및 그 제품 제조업","27,583,100","13,791,550,000"
14680,한솔케미칼,기초 화학물질 제조업,"11,295,195","56,475,975,000"
14710,사조씨푸드,수산물 가공 및 저장 처리업,"17,218,543","17,218,543,000"
14790,한라,토목 건설업,"38,874,942","194,374,710,000"
14820,동원시스템즈,플라스틱제품 제조업,"25,618,511","129,419,345,000"
14830,유니드,기초 화학물질 제조업,"8,889,843","44,449,215,000"
14910,성문전자,전자부품 제조업,"19,486,857","10,043,428,500"
14990,인디에프,봉제의복 제조업,"58,932,995","29,466,497,500"
15230,대창단조,자동차 신품 부품 제조업,"2,857,223","14,286,115,000"
15260,에이엔피,전자부품 제조업,"82,784,868","41,392,434,000"
15350,부산도시가스,연료용 가스 제조 및 배관공급업,"11,000,000","55,000,000,000"
15540,쎌마테라퓨틱스,기타 사업지원 서비스업,"11,276,903","5,638,451,500"
15590,큐로,일반 목적용 기계 제조업,"227,211,638","113,605,819,000"
15760,한국전력공사,전기업,"641,964,077","3,209,820,385,000"
15890,태경산업,기초 화학물질 제조업,"29,228,750","14,614,375,000"
16090,대현,봉제의복 제조업,"44,282,310","26,906,155,000"
16360,삼성증권,금융 지원 서비스업,"89,300,000","458,478,080,000"
16380,KG동부제철,1차 철강 제조업,"100,008,897","500,311,410,000"
16450,한세예스24홀딩스,봉제의복 제조업,"40,000,000","20,000,000,000"
16580,환인제약,의약품 제조업,"18,600,070","9,700,035,000"
16590,신대양제지,"골판지, 종이 상자 및 종이용기 제조업","4,029,782","20,148,910,000"
16610,DB금융투자,금융 지원 서비스업,"42,446,389","212,231,945,000"
16710,대성홀딩스,회사 본부 및 경영 컨설팅 서비스업,"16,089,459","16,089,459,000"
16740,두올,자동차 신품 부품 제조업,"27,066,680","67,666,700,000"
16800,퍼시스,가구 제조업,"11,500,000","14,300,000,000"
17040,광명전기,"전동기, 발전기 및 전기 변환 · 공급 · 제어 장치 제조업","43,337,615","21,668,807,500"
17180,명문제약,의약품 제조업,"33,953,454","16,976,727,000"
17370,우신시스템,특수 목적용 기계 제조업,"18,314,054","9,157,027,000"
17390,서울도시가스,연료용 가스 제조 및 배관공급업,"5,000,000","35,000,000,000"
17550,수산중공업,특수 목적용 기계 제조업,"53,985,163","26,992,581,500"
17670,SK텔레콤,전기 통신업,"80,745,711","44,639,473,000"
17800,현대엘리베이터,일반 목적용 기계 제조업,"38,351,001","199,915,005,000"
17810,풀무원,기타 식품 제조업,"38,090,950","19,045,475,000"
17900,광전자,반도체 제조업,"57,943,763","28,971,881,500"
17940,E1,기타 전문 도매업,"6,860,000","34,300,000,000"
17960,한국카본,"구조용 금속제품, 탱크 및 증기발생기 제조업","43,960,757","21,980,378,500"
18250,애경산업,기타 화학제품 제조업,"26,409,935","26,409,935,000"
18260,삼성에스디에스,"컴퓨터 프로그래밍, 시스템 통합 및 관리업","77,377,800","38,688,900,000"
18470,조일알미늄,1차 비철금속 제조업,"70,155,555","35,077,777,500"
18500,동원금속,자동차 신품 부품 제조업,"46,754,933","23,377,466,500"
18670,SK가스,기타 전문 도매업,"9,230,244","46,151,220,000"
18880,한온시스템,일반 목적용 기계 제조업,"533,800,000","53,380,000,000"
19170,신풍제약,의약품 제조업,"52,984,990","27,592,495,000"
19180,티에이치엔,기타 전기장비 제조업,"18,000,000","9,000,000,000"
19440,세아특수강,1차 철강 제조업,"8,570,000","42,850,000,000"
19490,하이트론씨스템즈,영상 및 음향기기 제조업,"5,530,735","13,826,837,500"
19680,대교,초등 교육기관,"84,702,850","52,064,920,000"
20000,한섬,봉제의복 제조업,"24,630,000","12,315,000,000"
20120,키다리스튜디오,"자료처리, 호스팅, 포털 및 기타 인터넷 정보매개 서비스업","17,015,245","8,507,622,500"
20150,일진머티리얼즈,전자부품 제조업,"46,110,835","23,055,417,500"
20560,아시아나항공,항공 여객 운송업,"223,235,294","1,116,176,470,000"
20760,일진디스플,반도체 제조업,"28,314,440","14,157,220,000"
21050,서원,금속 주조업,"47,474,590","23,737,295,000"
21240,코웨이,그외 기타 개인 서비스업,"73,799,619","40,662,398,000"
21820,세원정공,자동차 신품 부품 제조업,"10,000,000","5,000,000,000"
23000,삼원강재,자동차 신품 부품 제조업,"40,000,000","20,000,000,000"
23150,MH에탄올,알코올음료 제조업,"7,378,526","4,596,763,000"
23350,한국종합기술,"건축기술, 엔지니어링 및 관련 기술 서비스업","10,950,000","5,475,000,000"
23450,동남합성,기초 화학물질 제조업,"3,610,000","3,125,564,000"
23530,롯데쇼핑,종합 소매업,"28,288,755","141,443,775,000"
23590,다우기술,"자료처리, 호스팅, 포털 및 기타 인터넷 정보매개 서비스업","44,866,617","22,433,308,500"
23800,인지컨트롤스,자동차 신품 부품 제조업,"15,160,128","7,580,064,000"
23810,인팩,자동차 신품 부품 제조업,"10,000,000","5,000,000,000"
23960,에쓰씨엔지니어링,토목 건설업,"25,016,587","12,508,293,500"
24070,WISCOM,플라스틱제품 제조업,"15,326,438","7,663,219,000"
24090,디씨엠,1차 철강 제조업,"11,700,000","6,000,000,000"
24890,대원화성,플라스틱제품 제조업,"41,249,152","20,624,576,000"
24900,덕양산업,자동차 신품 부품 제조업,"32,564,980","16,282,490,000"
25000,KPX케미칼,기초 화학물질 제조업,"4,840,000","24,200,000,000"
25530,에스제이엠홀딩스,자동차 부품 및 내장품 판매업,"14,934,008","7,467,004,000"
25540,한국단자공업,"전동기, 발전기 및 전기 변환 · 공급 · 제어 장치 제조업","10,415,000","5,207,500,000"
25560,미래산업,"측정, 시험, 항해, 제어 및 기타 정밀기기 제조업; 광학기기 제외","16,864,368","1,686,436,800"
25620,제이준코스메틱,기타 화학제품 제조업,"36,402,552","18,201,276,000"
25750,한솔홈데코,제재 및 목재 가공업,"80,565,149","83,765,149,000"
25820,이구산업,1차 비철금속 제조업,"33,442,000","16,721,000,000"
25860,남해화학,"비료, 농약 및 살균, 살충제 제조업","49,678,843","49,678,843,000"
25890,한국주강,특수 목적용 기계 제조업,"11,309,259","5,654,629,500"
26890,디피씨,"전동기, 발전기 및 전기 변환 · 공급 · 제어 장치 제조업","41,678,175","20,839,087,500"
26940,부국철강,1차 철강 제조업,"20,000,000","10,000,000,000"
26960,동서,음·식료품 및 담배 도매업,"99,700,000","49,850,000,000"
27740,마니커,"도축, 육류 가공 및 저장 처리업","158,472,594","79,236,297,000"
27970,세하,"펄프, 종이 및 판지 제조업","29,562,997","29,562,997,000"
28050,삼성엔지니어링,"건축기술, 엔지니어링 및 관련 기술 서비스업","196,000,000","980,000,000,000"
28100,동아지질,기반조성 및 시설물 축조관련 전문공사업,"11,500,000","5,750,000,000"
28260,삼성물산,기타 전문 도매업,"186,887,081","18,851,450,600"
28670,팬오션,해상 운송업,"534,569,207","534,569,207,000"
29460,케이씨,"측정, 시험, 항해, 제어 및 기타 정밀기기 제조업; 광학기기 제외","13,554,044","6,777,022,000"
29530,신도리코,컴퓨터 및 주변장치 제조업,"10,080,029","50,400,145,000"
30000,제일기획,광고업,"115,041,225","23,008,245,000"
30200,케이티,전기 통신업,"261,111,808","1,564,498,835,000"
30210,KTB투자증권,금융 지원 서비스업,"60,314,092","301,570,460,000"
30610,교보증권,금융 지원 서비스업,"64,653,296","323,266,480,000"
30720,동원수산,어로 어업,"4,653,805","23,269,025,000"
30790,비케이탑스,"컴퓨터 프로그래밍, 시스템 통합 및 관리업","11,896,974","5,948,487,000"
31430,신세계인터내셔날,"섬유, 의복, 신발 및 가죽제품 소매업","7,140,000","35,700,000,000"
31440,신세계푸드,음식점업,"3,872,480","19,362,400,000"
31820,콤텍시스템,"컴퓨터 프로그래밍, 시스템 통합 및 관리업","67,851,466","33,925,733,000"
32350,롯데관광개발,여행사 및 기타 여행보조 서비스업,"69,275,662","34,637,831,000"
32560,황금에스티,1차 비철금속 제조업,"14,000,000","7,000,000,000"
32640,LG유플러스,전기 통신업,"436,611,361","2,573,969,175,000"
33180,필룩스,전자부품 제조업,"90,043,128","45,171,564,000"
33240,자화전자,전자부품 제조업,"17,900,000","8,950,000,000"
33250,체시스,자동차 신품 부품 제조업,"24,000,000","12,000,000,000"
33270,유나이티드,의약품 제조업,"16,244,822","8,122,411,000"
33530,세종공업,자동차 신품 부품 제조업,"25,035,775","12,517,887,500"
33780,케이티앤지,담배 제조업,"137,292,497","954,959,485,000"
33920,무학,알코올음료 제조업,"28,500,000","5,700,000,000"
34020,두산중공업,일반 목적용 기계 제조업,"253,140,778","1,265,703,890,000"
34120,SBS,텔레비전 방송업,"18,252,582","91,262,910,000"
34220,LG디스플레이,전자부품 제조업,"357,815,700","1,789,078,500,000"
34300,신세계건설,건물 건설업,"4,000,000","20,000,000,000"
34310,NICE,회사 본부 및 경영 컨설팅 서비스업,"37,882,300","18,941,150,000"
34590,인천도시가스,연료용 가스 제조 및 배관공급업,"4,374,754","21,873,770,000"
34830,한국토지신탁,신탁업 및 집합투자업,"252,489,230","252,489,230,000"
35000,지투알,회사 본부 및 경영 컨설팅 서비스업,"16,567,409","17,571,493,000"
35150,백산,플라스틱제품 제조업,"24,200,000","14,000,000,000"
35250,강원랜드,유원지 및 기타 오락관련 서비스업,"213,940,500","106,970,250,000"
35420,NAVER,"자료처리, 호스팅, 포털 및 기타 인터넷 정보매개 서비스업","164,263,395","16,481,339,500"
35510,신세계I&C,"컴퓨터 프로그래밍, 시스템 통합 및 관리업","1,720,000","8,600,000,000"
35720,카카오,"자료처리, 호스팅, 포털 및 기타 인터넷 정보매개 서비스업","88,013,995","44,056,997,500"
36420,제이콘텐트리,"영화, 비디오물, 방송프로그램 제작 및 배급업","16,385,071","81,925,355,000"
36460,한국가스공사,연료용 가스 제조 및 배관공급업,"92,313,000","461,565,000,000"
36570,엔씨소프트,소프트웨어 개발 및 공급업,"21,954,022","10,977,011,000"
36580,팜스코,"곡물가공품, 전분 및 전분제품 제조업","36,727,943","18,363,971,500"
37270,YG PLUS,"자료처리, 호스팅, 포털 및 기타 인터넷 정보매개 서비스업","58,170,704","29,710,352,000"
37560,LG헬로비전,텔레비전 방송업,"77,446,865","193,617,162,500"
37710,광주신세계,종합 소매업,"1,600,000","8,000,000,000"
39130,하나투어,여행사 및 기타 여행보조 서비스업,"13,939,185","6,969,592,500"
39490,키움증권,금융 지원 서비스업,"22,099,740","110,498,700,000"
39570,HDC아이콘트롤스,전기 및 통신 공사업,"16,460,000","8,230,000,000"
41650,상신브레이크,자동차 신품 부품 제조업,"21,471,450","10,735,725,000"
42660,대우조선해양,선박 및 보트 건조업,"107,205,752","541,028,760,000"
42670,두산인프라코어,특수 목적용 기계 제조업,"209,352,765","1,046,763,825,000"
42700,한미반도체,특수 목적용 기계 제조업,"51,501,501","12,716,420,500"
44380,주연테크,컴퓨터 및 주변장치 제조업,"54,612,089","10,922,417,800"
44450,KSS해운,해상 운송업,"23,185,880","11,592,940,000"
47040,대우건설,건물 건설업,"415,622,638","2,078,113,190,000"
47050,포스코인터내셔널,상품 중개업,"123,375,149","616,875,745,000"
47400,유니온머티리얼,"내화, 비내화 요업제품 제조업","42,000,000","21,000,000,000"
47810,한국항공우주,"항공기,우주선 및 부품 제조업","97,475,107","487,375,535,000"
49770,동원F&B,기타 식품 제조업,"3,859,124","19,295,620,000"
49800,우진플라임,특수 목적용 기계 제조업,"10,000,000","5,000,000,000"
51600,한전KPS,전기 및 통신 공사업,"45,000,000","9,000,000,000"
51630,진양화학,플라스틱제품 제조업,"12,000,000","6,000,000,000"
51900,LG생활건강,기타 화학제품 제조업,"15,618,197","88,589,470,000"
51910,LG화학,기초 화학물질 제조업,"70,592,343","391,405,715,000"
52690,한전기술,"건축기술, 엔지니어링 및 관련 기술 서비스업","38,220,000","7,644,000,000"
53210,케이티스카이라이프,텔레비전 방송업,"47,821,966","119,554,915,000"
53690,한미글로벌,"건축기술, 엔지니어링 및 관련 기술 서비스업","10,957,550","5,478,775,000"
55490,테이팩스,플라스틱제품 제조업,"4,717,650","3,771,825,000"
57050,현대홈쇼핑,무점포 소매업,"12,000,000","60,000,000,000"
58430,포스코강판,1차 철강 제조업,"6,000,000","30,000,000,000"
58650,세아홀딩스,1차 철강 제조업,"4,000,000","20,000,000,000"
58730,다스코,"구조용 금속제품, 탱크 및 증기발생기 제조업","15,400,000","8,000,000,000"
58850,KTcs,기타 정보 서비스업,"42,685,000","23,842,500,000"
58860,KTis,기타 정보 서비스업,"34,802,000","17,401,000,000"
63160,종근당바이오,의약품 제조업,"5,485,962","13,714,905,000"
64350,현대로템,철도장비 제조업,"85,000,000","425,000,000,000"
64960,S&T모티브,자동차 신품 부품 제조업,"14,623,136","73,115,680,000"
66570,LG전자,통신 및 방송 장비 제조업,"163,647,814","904,169,030,000"
67830,세이브존I&C,종합 소매업,"41,040,895","41,040,895,000"
68270,셀트리온,기초 의약물질 및 생물학적 제제 제조업,"134,939,385","134,939,385,000"
68290,삼성출판사,"서적, 잡지 및 기타 인쇄물 출판업","10,000,000","5,000,000,000"
68400,SK렌터카,운송장비 임대업,"35,765,140","17,882,570,000"
69260,휴켐스,기타 화학제품 제조업,"40,878,588","40,878,588,000"
69460,대호에이엘,1차 비철금속 제조업,"27,134,839","13,567,419,500"
69620,대웅제약,의약품 제조업,"11,586,575","28,966,437,500"
69640,한세엠케이,"섬유, 의복, 신발 및 가죽제품 소매업","12,909,322","6,454,661,000"
69730,DSR제강,1차 철강 제조업,"14,400,000","7,200,000,000"
69960,현대백화점,종합 소매업,"23,402,441","117,012,205,000"
70960,용평리조트,일반 및 생활 숙박시설 운영업,"48,133,333","240,666,665,000"
71090,하이스틸,1차 철강 제조업,"1,999,944","9,999,720,000"
71320,지역난방공사,"증기, 냉·온수 및 공기조절 공급업","11,578,744","57,893,720,000"
71840,롯데하이마트,가전제품 및 정보통신장비 소매업,"23,607,712","118,038,560,000"
71950,코아스,가구 제조업,"30,907,210","15,453,605,000"
71970,STX중공업,일반 목적용 기계 제조업,"28,365,976","70,914,940,000"
72130,유엔젤,"자료처리, 호스팅, 포털 및 기타 인터넷 정보매개 서비스업","13,195,454","6,597,727,000"
73240,금호타이어,고무제품 제조업,"287,260,287","1,436,301,435,000"
74610,이엔플러스,일반 목적용 기계 제조업,"39,324,219","19,662,109,500"
75180,새론오토모티브,자동차 신품 부품 제조업,"19,200,000","9,600,000,000"
75580,세진중공업,선박 및 보트 건조업,"38,372,720","21,986,360,000"
77500,유니퀘스트,기계장비 및 관련 물품 도매업,"27,280,975","13,640,487,500"
77970,STX엔진,일반 목적용 기계 제조업,"23,008,904","57,522,260,000"
78000,텔코웨어,"자료처리, 호스팅, 포털 및 기타 인터넷 정보매개 서비스업","9,702,706","5,026,353,000"
78520,에이블씨엔씨,기타 화학제품 제조업,"27,033,459","13,516,729,500"
79160,CJ CGV,"영화, 비디오물, 방송프로그램 제작 및 배급업","35,100,000","17,550,000,000"
79430,현대리바트,가구 제조업,"20,535,282","20,535,282,000"
79550,LIG넥스원,무기 및 총포탄 제조업,"22,000,000","110,000,000,000"
79980,휴비스,화학섬유 제조업,"34,500,000","172,500,000,000"
81000,일진다이아,기타 화학제품 제조업,"14,202,975","14,202,975,000"
81660,휠라홀딩스,생활용품 도매업,"60,752,222","61,674,420,000"
82740,HSD엔진,일반 목적용 기계 제조업,"32,947,142","32,947,142,000"
83420,그린케미칼,기타 화학제품 제조업,"24,000,000","12,000,000,000"
84010,대한제강,1차 철강 제조업,"24,646,734","24,646,734,000"
84670,동양고속,육상 여객 운송업,"2,895,569","16,959,295,000"
84680,이월드,유원지 및 기타 오락관련 서비스업,"103,139,897","103,139,897,000"
84870,티비에이치글로벌,봉제의복 제조업,"20,856,819","10,428,409,500"
85310,엔케이,"구조용 금속제품, 탱크 및 증기발생기 제조업","79,983,352","39,991,676,000"
86280,현대글로비스,기타 운송관련 서비스업,"37,500,000","18,750,000,000"
88790,진도,기타 전문 도매업,"12,447,744","6,223,872,000"
88980,맥쿼리인프라,신탁업 및 집합투자업,"349,044,336","1,815,614,802,841"
89470,HDC현대EP,기타 화학제품 제조업,"31,900,000","17,200,000,000"
89590,제주항공,항공 여객 운송업,"26,356,758","131,783,790,000"
90080,평화산업,자동차 신품 부품 제조업,"54,902,259","27,451,129,500"
90350,노루페인트,기타 화학제품 제조업,"20,000,000","10,231,563,000"
90370,메타랩스,봉제의복 제조업,"63,689,937","31,844,968,500"
90430,아모레퍼시픽,기타 화학제품 제조업,"58,458,490","34,508,160,000"
91090,세원셀론텍,"구조용 금속제품, 탱크 및 증기발생기 제조업","61,908,841","30,954,420,500"
91810,티웨이항공,항공 여객 운송업,"46,974,812","23,487,406,000"
92200,디아이씨,자동차 신품 부품 제조업,"38,888,569","19,444,284,500"
92220,KEC,반도체 제조업,"116,706,940","58,353,470,000"
92230,KPX홀딩스,기초 화학물질 제조업,"4,224,646","21,123,230,000"
92440,기신정기,특수 목적용 기계 제조업,"29,200,000","14,600,000,000"
92780,동양피스톤,자동차용 엔진 및 자동차 제조업,"13,168,460","6,584,230,000"
93050,LF,봉제의복 제조업,"29,240,000","146,200,000,000"
93230,이아이디,기타 전문 도매업,"553,342,542","110,668,508,400"
93240,형지엘리트,봉제의복 제조업,"31,154,798","15,577,399,000"
93370,후성,기초 화학물질 제조업,"92,606,819","46,303,409,500"
94280,효성 ITX,기타 사업지원 서비스업,"11,558,200","5,779,100,000"
94800,맵스리얼티1,신탁업 및 집합투자업,"92,834,331","464,171,655,000"
95570,AJ네트웍스,산업용 기계 및 장비 임대업,"46,822,295","46,822,295,000"
95720,웅진씽크빅,초등 교육기관,"117,401,592","58,700,796,000"
96300,베트남개발1,신탁업 및 집합투자업,"137,680,211","57,825,688,620"
96770,SK이노베이션,석유 정제품 제조업,"92,465,564","468,569,950,000"
97230,한진중공업,토목 건설업,"83,274,281","416,371,405,000"
97950,CJ제일제당,기타 식품 제조업,"15,054,186","81,908,095,000"
100220,비상교육,"서적, 잡지 및 기타 인쇄물 출판업","12,996,741","6,498,370,500"
100250,진양홀딩스,플라스틱제품 제조업,"55,895,292","27,947,646,000"
100840,S&TC,일반 목적용 기계 제조업,"7,506,711","3,753,355,500"
101060,SBS미디어홀딩스,텔레비전 방송업,"139,896,190","69,948,095,000"
101140,비티원,생활용품 도매업,"41,244,464","20,622,232,000"
101530,해태제과식품,기타 식품 제조업,"29,116,822","14,558,411,000"
102260,동성코퍼레이션,회사 본부 및 경영 컨설팅 서비스업,"43,993,012","43,993,012,000"
102280,쌍방울,봉제의복 제조업,"139,359,627","69,679,813,500"
102460,이연제약,의약품 제조업,"16,770,000","8,385,000,000"
103140,풍산,1차 비철금속 제조업,"28,024,278","140,121,390,000"
103590,일진전기,절연선 및 케이블 제조업,"37,080,390","37,080,390,000"
104700,한국철강,1차 철강 제조업,"46,050,000","46,050,000,000"
105630,한세실업,봉제의복 제조업,"40,000,000","20,000,000,000"
105840,우진,"측정, 시험, 항해, 제어 및 기타 정밀기기 제조업; 광학기기 제외","20,202,234","10,101,117,000"
108670,LG하우시스,플라스틱제품 제조업,"8,967,670","50,000,000,000"
109070,컨버즈,"골판지, 종이 상자 및 종이용기 제조업","3,590,507","1,795,253,500"
111110,호전실업,봉제의복 제조업,"8,000,000","4,657,880,000"
111770,영원무역,상품 종합 도매업,"44,311,468","22,155,734,000"
112610,씨에스윈드,"구조용 금속제품, 탱크 및 증기발생기 제조업","17,285,715","8,642,857,500"
114090,GKL,유원지 및 기타 오락관련 서비스업,"61,855,670","30,927,835,000"
115390,락앤락,플라스틱제품 제조업,"54,186,600","27,500,000,000"
117580,대성에너지,연료용 가스 제조 및 배관공급업,"27,500,000","27,500,000,000"
118000,우리들휴브레인,기계장비 및 관련 물품 도매업,"41,993,250","20,996,625,000"
119650,KC코트렐,일반 목적용 기계 제조업,"13,000,000","6,500,000,000"
120030,조선선재,기타 금속 가공제품 제조업,"1,257,651","628,825,500"
120110,코오롱인더,화학섬유 제조업,"26,978,840","148,733,500,000"
122900,아이마켓코리아,상품 종합 도매업,"35,393,340","18,166,670,000"
123690,한국화장품,생활용품 도매업,"16,068,000","8,034,000,000"
123700,에스제이엠,자동차 신품 부품 제조업,"15,604,898","7,802,449,000"
123890,한국자산신탁,신탁업 및 집합투자업,"123,977,752","61,988,876,000"
126560,현대에이치씨엔,텔레비전 방송업,"112,876,596","56,438,298,000"
128820,대성산업,연료 소매업,"45,235,478","226,177,390,000"
128940,한미약품,의약품 제조업,"11,843,029","29,607,572,500"
129260,인터지스,도로 화물 운송업,"29,747,874","14,873,937,000"
130660,한전산업,"건축기술, 엔지니어링 및 관련 기술 서비스업","32,600,000","16,300,000,000"
133820,화인베스틸,1차 철강 제조업,"29,550,000","16,050,000,000"
134380,미원화학,기타 화학제품 제조업,"2,199,268","2,404,080,000"
134790,시디즈,가구 제조업,"2,000,000","1,000,000,000"
136490,선진,동물용 사료 및 조제식품 제조업,"23,779,604","11,889,802,000"
138250,엔에스쇼핑,무점포 소매업,"33,696,000","16,848,000,000"
138490,코오롱플라스틱,합성고무 및 플라스틱 물질 제조업,"38,000,000","38,000,000,000"
139480,이마트,종합 소매업,"27,875,819","139,379,095,000"
143210,핸즈코퍼레이션,자동차 신품 부품 제조업,"21,863,268","10,931,634,000"
144620,코오롱머티리얼,화학섬유 제조업,"68,658,635","68,658,635,000"
145210,세화아이엠씨,특수 목적용 기계 제조업,"81,094,734","40,547,367,000"
145720,덴티움,의료용 기기 제조업,"11,068,830","6,184,415,000"
145990,삼양사,기타 식품 제조업,"10,313,449","53,417,595,000"
152330,코리아오토글라스,유리 및 유리제품 제조업,"20,000,000","100,000,000,000"
152550,한국ANKOR유전,신탁업 및 집합투자업,"70,020,000","350,100,000,000"
153360,하이골드3호,운송장비 임대업,"16,149,790","80,748,950,000"
155660,DSR,1차 비철금속 제조업,"16,000,000","8,000,000,000"
155900,바다로19호,운송장비 임대업,"15,200,004","76,000,020,000"
161000,애경유화,기초 화학물질 제조업,"32,040,000","16,020,000,000"
161390,한국타이어앤테크놀로지,고무제품 제조업,"123,875,069","61,937,534,500"
161890,한국콜마,기타 화학제품 제조업,"22,881,180","11,440,590,000"
163560,동일고무벨트,고무제품 제조업,"13,650,000","6,825,000,000"
168490,한국패러랠,신탁업 및 집합투자업,"80,020,000","400,100,000,000"
170900,동아에스티,의약품 제조업,"8,443,868","42,219,340,000"
172580,하이골드12호,운송장비 임대업,"13,044,500","65,222,500,000"
180640,한진칼,항공 여객 운송업,"59,170,458","149,268,060,000"
181710,엔에이치엔,소프트웨어 개발 및 공급업,"19,565,025","9,782,512,500"
183190,아세아시멘트,"시멘트, 석회, 플라스터 및 그 제품 제조업","3,895,809","19,479,045,000"
185750,종근당,의약품 제조업,"10,885,685","27,214,212,500"
192080,더블유게임즈,소프트웨어 개발 및 공급업,"18,374,502","9,187,251,000"
192650,드림텍,전자부품 제조업,"62,075,008","6,280,956,600"
192820,코스맥스,기타 화학제품 제조업,"10,049,509","5,024,754,500"
194370,제이에스코퍼레이션,"가죽, 가방 및 유사제품 제조업","13,335,601","1,333,560,100"
195870,해성디에스,전자부품 제조업,"17,000,000","85,000,000,000"
200880,서연이화,자동차 신품 부품 제조업,"27,028,437","13,514,218,500"
204320,만도,자동차 신품 부품 제조업,"46,957,120","46,957,120,000"
207940,삼성바이오로직스,기초 의약물질 및 생물학적 제제 제조업,"66,165,000","165,412,500,000"
210540,디와이파워,특수 목적용 기계 제조업,"11,041,708","5,520,854,000"
213500,한솔제지,"펄프, 종이 및 판지 제조업","23,800,576","119,002,880,000"
214320,이노션,광고업,"20,000,000","10,000,000,000"
214330,금호에이치티,자동차 신품 부품 제조업,"28,877,149","14,438,574,500"
214390,경보제약,기초 의약물질 및 생물학적 제제 제조업,"23,906,860","11,953,430,000"
214420,토니모리,기타 화학제품 제조업,"17,640,000","3,528,000,000"
226320,잇츠한불,기타 화학제품 제조업,"21,929,315","10,964,657,500"
227840,현대코퍼레이션홀딩스,음·식료품 및 담배 도매업,"9,100,836","45,504,180,000"
234080,JW생명과학,의약품 제조업,"15,834,554","39,586,385,000"
241560,두산밥캣,특수 목적용 기계 제조업,"100,249,166","50,124,583,000"
241590,화승엔터프라이즈,신발 및 신발 부분품 제조업,"60,536,670","30,268,335,000"
248170,샘표식품,기타 식품 제조업,"4,568,286","2,284,143,000"
249420,일동제약,의약품 제조업,"23,803,285","23,803,285,000"
251270,넷마블,소프트웨어 개발 및 공급업,"85,800,897","8,580,089,700"
264900,크라운제과,기타 식품 제조업,"12,523,850","2,659,482,000"
267250,현대중공업지주,석유 정제품 제조업,"15,798,617","81,433,085,000"
267260,현대일렉트릭,"전동기, 발전기 및 전기 변환 · 공급 · 제어 장치 제조업","36,047,135","180,235,675,000"
267270,현대건설기계,일반 목적용 기계 제조업,"19,700,793","98,503,965,000"
267290,경동도시가스,연료용 가스 제조 및 배관공급업,"5,895,406","14,738,515,000"
267850,아시아나IDT,"컴퓨터 프로그래밍, 시스템 통합 및 관리업","11,100,000","5,550,000,000"
268280,미원에스씨,기초 화학물질 제조업,"5,100,000","2,633,945,500"
271560,오리온,기타 식품 제조업,"39,536,132","19,768,066,000"
271980,제일약품,의약품 제조업,"14,704,872","7,352,436,000"
272210,한화시스템,전자부품 제조업,"110,230,389","551,151,945,000"
272450,진에어,항공 여객 운송업,"30,000,000","30,000,000,000"
272550,삼양패키징,플라스틱제품 제조업,"14,209,804","71,049,020,000"
280360,롯데제과,기타 식품 제조업,"6,416,717","3,208,358,500"
281820,케이씨텍,"측정, 시험, 항해, 제어 및 기타 정밀기기 제조업; 광학기기 제외","19,839,340","9,919,670,000"
282330,BGF리테일,종합 소매업,"17,283,906","17,283,906,000"
282690,동아타이어,고무제품 제조업,"13,733,015","6,866,507,500"
284740,쿠쿠홈시스,개인 및 가정용품 임대업,"22,437,330","2,243,733,000"
285130,SK케미칼,합성고무 및 플라스틱 물질 제조업,"11,741,396","66,000,330,000"
286940,롯데정보통신,"컴퓨터 프로그래밍, 시스템 통합 및 관리업","15,396,331","76,981,655,000"
293480,하나제약,의약품 제조업,"16,200,000","8,100,000,000"
294870,HDC현대산업개발,건물 건설업,"65,907,330","329,536,650,000"
298000,효성화학,기초 화학물질 제조업,"3,190,126","15,950,630,000"
298020,효성티앤씨,화학섬유 제조업,"4,327,682","21,638,410,000"
298040,효성중공업,"전동기, 발전기 및 전기 변환 · 공급 · 제어 장치 제조업","9,324,548","46,622,740,000"
298050,효성첨단소재,화학섬유 제조업,"4,479,948","22,399,740,000"
298690,에어부산,항공 여객 운송업,"52,070,000","52,070,000,000"
300720,한일시멘트,"시멘트, 석회, 플라스터 및 그 제품 제조업","4,144,970","20,724,850,000"
306200,세아제강,1차 철강 제조업,"2,836,300","14,181,500,000"
307950,현대오토에버,소프트웨어 개발 및 공급업,"21,000,000","10,500,000,000"
308170,센트랄모텍,자동차 신품 부품 제조업,"8,610,000","4,305,000,000"
322000,현대에너지솔루션,반도체 제조업,"11,200,000","56,000,000,000"
326030,에스케이바이오팜,자연과학 및 공학 연구개발업,"78,313,250","39,156,625,000"
336260,두산퓨얼셀,"전동기, 발전기 및 전기 변환 · 공급 · 제어 장치 제조업","55,493,726","7,184,422,600"
336370,두산솔루스,전자부품 제조업,"30,589,758","3,960,220,800"
344820,케이씨씨글라스,유리 및 유리제품 제조업,"8,350,210","8,350,210,000"
353200,대덕전자,전자부품 제조업,"49,416,925","25,756,222,000"
900140,엘브이엠씨,자동차 판매업,"51,120,439","12,780,110"
